,,,,,,,,
,,,,,,,,
ID,Adicionar ...g  ao prato,0,Alimento,Categoria,Energia (kcal),Proteína (g),Lipídeos (g),Carboidrato (g)
1,,0,Acarajé,Alimentos preparados,289,"8,3","19,9","19,1"
2,,0,Arroz carreteiro,Alimentos preparados,154,"10,8","7,1","11,6"
3,,0,"Baião de dois, arroz e feijão-de-corda",Alimentos preparados,136,"6,2","3,2","20,4"
4,,0,Barreado,Alimentos preparados,165,"18,3","9,5","0,2"
5,,0,"Bife à cavalo, com cona filé",Alimentos preparados,291,"23,7","21,1","0,0"
6,,0,Bolinho de arroz,Alimentos preparados,274,"8,0","8,3","41,7"
7,,0,Camarão à baia,Alimentos preparados,101,"7,9","6,0","3,2"
8,,0,"Charuto, de repolho",Alimentos preparados,78,"6,8","1,1","10,1"
9,,0,"Cuscuz, de milho, cozido com sal",Alimentos preparados,113,"2,2","0,7","25,3"
10,,0,"Cuscuz, paulista",Alimentos preparados,142,"2,6","4,6","22,5"
11,,0,"Cuxá, molho",Alimentos preparados,80,"5,6","3,6","5,7"
12,,0,Dobradinha,Alimentos preparados,125,"19,8","4,4","0,0"
13,,0,Estrogonofe de carne,Alimentos preparados,173,"15,0","10,8","3,0"
14,,0,Estrogonofe de frango,Alimentos preparados,157,"17,6","8,0","2,6"
15,,0,Feijão tropeiro mineiro,Alimentos preparados,152,"10,2","6,8","19,6"
16,,0,Feijoada,Alimentos preparados,117,"8,7","6,5","11,6"
17,,0,"Frango, com açafrão",Alimentos preparados,113,"9,7","6,2","4,1"
18,,0,"Macarrão, molho bolognesa",Alimentos preparados,120,"4,9","0,9","22,5"
19,,0,Maniçoba,Alimentos preparados,134,"10,0","8,7","3,4"
20,,0,Quibebe,Alimentos preparados,86,"8,6","2,7","6,6"
21,,0,"Salada, de legumes, com maionese",Alimentos preparados,96,"1,1","7,0","8,9"
22,,0,"Salada, de legumes, cozida no vapor",Alimentos preparados,35,"2,0","0,3","7,1"
23,,0,"Salpicão, de frango",Alimentos preparados,148,"13,9","7,8","4,6"
24,,0,Sarapatel,Alimentos preparados,123,"18,5","4,4","1,1"
25,,0,Tabule,Alimentos preparados,57,"2,0","1,2","10,6"
26,,0,Tacacá,Alimentos preparados,47,"7,0","0,4","3,4"
27,,0,"Tapioca, com manteiga",Alimentos preparados,348,"0,1","10,9","63,6"
28,,0,"Tucupi, com pimenta-de-cheiro",Alimentos preparados,27,"2,1","0,3","4,7"
29,,0,Vaca atolada,Alimentos preparados,145,"5,1","9,3","10,1"
30,,0,Vatapá,Alimentos preparados,255,"6,0","23,2","9,7"
31,,0,Virado à paulista,Alimentos preparados,307,"10,2","25,6","14,1"
32,,0,Yakisoba,Alimentos preparados,113,"7,5","2,6","18,3"
33,,0,"Bebida isotônica, sabores variados",Bebidas,26,"0,0","0,0","6,4"
34,25,1,"Café, infusão 10%",Bebidas,9,"0,7","0,1","1,5"
35,,1,"Cana, aguardente 1",Bebidas,216,,,
36,,1,"Cana, caldo de",Bebidas,65,,,"18,2"
37,,1,"Cerveja, pilsen 2",Bebidas,41,"0,6",,"3,3"
38,,1,"Chá, erva-doce, infusão 5%",Bebidas,1,"0,0","0,0","0,4"
39,,1,"Chá, mate, infusão 5%",Bebidas,3,"0,0","0,1","0,6"
40,,1,"Chá, preto, infusão 5%",Bebidas,2,"0,0","0,0","0,6"
41,,1,"Coco, água de",Bebidas,22,"0,0","0,0","5,3"
42,,1,"Refrigerante, tipo água tônica",Bebidas,31,"0,0","0,0","8,0"
43,,1,"Refrigerante, tipo cola",Bebidas,34,"0,0","0,0","8,7"
44,,1,"Refrigerante, tipo guaraná",Bebidas,39,"0,0","0,0","10,0"
45,,1,"Refrigerante, tipo laranja",Bebidas,46,"0,0","0,0","11,8"
46,,1,"Refrigerante, tipo limão",Bebidas,40,"0,0","0,0","10,3"
47,,1,Apresuntado,Carnes e derivados,129,"13,5","6,7","2,9"
48,,1,"Caldo de carne, tablete",Carnes e derivados,241,"7,8","16,6","15,1"
49,,1,"Caldo de galinha, tablete",Carnes e derivados,251,"6,3","20,4","10,6"
50,,1,"Carne, bovina, acém, moído, cozido",Carnes e derivados,212,"26,7","10,9","0,0"
51,,1,"Carne, bovina, acém, moído, cru",Carnes e derivados,137,"19,4","5,9","0,0"
52,,1,"Carne, bovina, acém, sem gordura, cozido",Carnes e derivados,215,"27,3","10,9","0,0"
53,,1,"Carne, bovina, acém, sem gordura, cru",Carnes e derivados,144,"20,8","6,1","0,0"
54,,1,"Carne, bovina, almôndegas, cruas",Carnes e derivados,189,"12,3","11,2","9,8"
55,,1,"Carne, bovina, almôndegas, fritas",Carnes e derivados,272,"18,2","15,8","14,3"
56,,1,"Carne, bovina, bucho, cozido",Carnes e derivados,133,"21,6","4,5","0,0"
57,,1,"Carne, bovina, bucho, cru",Carnes e derivados,137,"20,5","5,5","0,0"
58,,1,"Carne, bovina, capa de contra-filé, com gordura, crua",Carnes e derivados,217,"19,2","15,0","0,0"
59,,1,"Carne, bovina, capa de contra-filé, com gordura, grelhada",Carnes e derivados,312,"30,7","20,0","0,0"
60,,1,"Carne, bovina, capa de contra-filé, sem gordura, crua",Carnes e derivados,131,"21,5","4,3","0,0"
61,,1,"Carne, bovina, capa de contra-filé, sem gordura, grelhada",Carnes e derivados,239,"35,1","10,0","0,0"
62,,1,"Carne, bovina, charque, cozido",Carnes e derivados,263,"36,4","11,9","0,0"
63,,1,"Carne, bovina, charque, cru",Carnes e derivados,249,"22,7","16,8","0,0"
64,,1,"Carne, bovina, contra-filé de costela, cru",Carnes e derivados,202,"19,8","13,1","0,0"
65,,1,"Carne, bovina, contra-filé de costela, grelhado",Carnes e derivados,275,"29,9","16,3","0,0"
66,,1,"Carne, bovina, contra-filé, à milanesa",Carnes e derivados,352,"20,6","24,0","12,2"
67,,1,"Carne, bovina, contra-filé, com gordura, cru",Carnes e derivados,206,"21,2","12,8","0,0"
68,,1,"Carne, bovina, contra-filé, com gordura, grelhado",Carnes e derivados,278,"32,4","15,5","0,0"
69,,1,"Carne, bovina, contra-filé, sem gordura, cru",Carnes e derivados,157,"24,0","6,0","0,0"
70,,1,"Carne, bovina, contra-filé, sem gordura, grelhado",Carnes e derivados,194,"35,9","4,5","0,0"
71,,1,"Carne, bovina, costela, assada",Carnes e derivados,373,"28,8","27,7","0,0"
72,,1,"Carne, bovina, costela, crua",Carnes e derivados,358,"16,7","31,8","0,0"
73,,1,"Carne, bovina, coxão duro, sem gordura, cozido",Carnes e derivados,217,"31,9","8,9","0,0"
74,,1,"Carne, bovina, coxão duro, sem gordura, cru",Carnes e derivados,148,"21,5","6,2","0,0"
75,,1,"Carne, bovina, coxão mole, sem gordura, cozido",Carnes e derivados,219,"32,4","8,9","0,0"
76,,1,"Carne, bovina, coxão mole, sem gordura, cru",Carnes e derivados,169,"21,2","8,7","0,0"
77,,1,"Carne, bovina, cupim, assado",Carnes e derivados,330,"28,6","23,0","0,0"
78,,1,"Carne, bovina, cupim, cru",Carnes e derivados,221,"19,5","15,3","0,0"
79,,1,"Carne, bovina, fígado, cru",Carnes e derivados,141,"20,7","5,4","1,1"
80,,1,"Carne, bovina, fígado, grelhado",Carnes e derivados,225,"29,9","9,0","4,2"
81,,1,"Carne, bovina, filé mingnon, sem gordura, cru",Carnes e derivados,143,"21,6","5,6","0,0"
82,,1,"Carne, bovina, filé mingnon, sem gordura, grelhado",Carnes e derivados,220,"32,8","8,8","0,0"
83,,1,"Carne, bovina, flanco, sem gordura, cozido",Carnes e derivados,196,"29,4","7,8","0,0"
84,,1,"Carne, bovina, flanco, sem gordura, cru",Carnes e derivados,141,"20,0","6,2","0,0"
85,,1,"Carne, bovina, fraldinha, com gordura, cozida",Carnes e derivados,338,"24,2","26,0","0,0"
86,,1,"Carne, bovina, fraldinha, com gordura, crua",Carnes e derivados,221,"17,6","16,1","0,0"
87,,1,"Carne, bovina, lagarto, cozido",Carnes e derivados,222,"32,9","9,1","0,0"
88,,1,"Carne, bovina, lagarto, cru",Carnes e derivados,135,"20,5","5,2","0,0"
89,,1,"Carne, bovina, língua, cozida",Carnes e derivados,315,"21,4","24,8","0,0"
90,,1,"Carne, bovina, língua, crua",Carnes e derivados,215,"17,1","15,8","0,0"
91,,1,"Carne, bovina, maminha, crua",Carnes e derivados,153,"20,9","7,0","0,0"
92,,1,"Carne, bovina, maminha, grelhada",Carnes e derivados,153,"30,7","2,4","0,0"
93,,1,"Carne, bovina, miolo de alcatra, sem gordura, cru",Carnes e derivados,163,"21,6","7,8","0,0"
94,,1,"Carne, bovina, miolo de alcatra, sem gordura, grelhado",Carnes e derivados,241,"31,9","11,6","0,0"
95,,1,"Carne, bovina, músculo, sem gordura, cozido",Carnes e derivados,194,"31,2","6,7","0,0"
96,,1,"Carne, bovina, músculo, sem gordura, cru",Carnes e derivados,142,"21,6","5,5","0,0"
97,,1,"Carne, bovina, paleta, com gordura, crua",Carnes e derivados,159,"21,4","7,5","0,0"
98,,1,"Carne, bovina, paleta, sem gordura, cozida",Carnes e derivados,194,"29,7","7,4","0,0"
99,,1,"Carne, bovina, paleta, sem gordura, crua",Carnes e derivados,141,"21,0","5,7","0,0"
100,,1,"Carne, bovina, patinho, sem gordura, cru",Carnes e derivados,133,"21,7","4,5","0,0"
101,150,2,"Carne, bovina, patinho, sem gordura, grelhado",Carnes e derivados,219,"35,9","7,3","0,0"
102,,2,"Carne, bovina, peito, sem gordura, cozido",Carnes e derivados,338,"22,2","27,0","0,0"
103,,2,"Carne, bovina, peito, sem gordura, cru",Carnes e derivados,259,"17,6","20,4","0,0"
104,,2,"Carne, bovina, picanha, com gordura, crua",Carnes e derivados,213,"18,8","14,7","0,0"
105,,2,"Carne, bovina, picanha, com gordura, grelhada",Carnes e derivados,289,"26,4","19,5","0,0"
106,,2,"Carne, bovina, picanha, sem gordura, crua",Carnes e derivados,134,"21,3","4,7","0,0"
107,,2,"Carne, bovina, picanha, sem gordura, grelhada",Carnes e derivados,238,"31,9","11,3","0,0"
108,,2,"Carne, bovina, seca, cozida",Carnes e derivados,313,"26,9","21,9","0,0"
109,,2,"Carne, bovina, seca, crua",Carnes e derivados,313,"19,7","25,4","0,0"
110,,2,"Coxinha de frango, frita",Carnes e derivados,283,"9,6","11,8","34,5"
111,,2,"Croquete, de carne, cru",Carnes e derivados,246,"12,0","15,6","13,9"
112,,2,"Croquete, de carne, frito",Carnes e derivados,347,"16,9","22,7","18,1"
113,,2,"Empada de frango, pré-cozida, assada",Carnes e derivados,358,"6,9","15,6","47,5"
114,,2,"Empada, de frango, pré-cozida",Carnes e derivados,377,"7,3","22,9","35,5"
115,,2,"Frango, asa, com pele, crua",Carnes e derivados,213,"18,1","15,1","0,0"
116,,2,"Frango, caipira, inteiro, com pele, cozido",Carnes e derivados,243,"23,9","15,6","0,0"
117,,2,"Frango, caipira, inteiro, sem pele, cozido",Carnes e derivados,196,"29,6","7,7","0,0"
118,,2,"Frango, coração, cru",Carnes e derivados,222,"12,6","18,6","0,0"
119,,2,"Frango, coração, grelhado",Carnes e derivados,207,"22,4","12,1","0,6"
120,,2,"Frango, coxa, com pele, assada",Carnes e derivados,215,"28,5","10,4","0,1"
121,,2,"Frango, coxa, com pele, crua",Carnes e derivados,161,"17,1","9,8","0,0"
122,,2,"Frango, coxa, sem pele, cozida",Carnes e derivados,167,"26,9","5,8","0,0"
123,,2,"Frango, coxa, sem pele, crua",Carnes e derivados,120,"17,8","4,9","0,0"
124,,2,"Frango, fígado, cru",Carnes e derivados,106,"17,6","3,5","0,0"
125,,2,"Frango, filé, à milanesa",Carnes e derivados,221,"28,5","7,8","7,5"
126,,2,"Frango, inteiro, com pele, cru",Carnes e derivados,226,"16,4","17,3","0,0"
127,,2,"Frango, inteiro, sem pele, assado",Carnes e derivados,187,"28,0","7,5","0,0"
128,,2,"Frango, inteiro, sem pele, cozido",Carnes e derivados,170,"25,0","7,1","0,0"
129,,2,"Frango, inteiro, sem pele, cru",Carnes e derivados,129,"20,6","4,6","0,0"
130,,2,"Frango, peito, com pele, assado",Carnes e derivados,212,"33,4","7,6","0,0"
131,,2,"Frango, peito, com pele, cru",Carnes e derivados,149,"20,8","6,7","0,0"
132,,2,"Frango, peito, sem pele, cozido",Carnes e derivados,163,"31,5","3,2","0,0"
133,,2,"Frango, peito, sem pele, cru",Carnes e derivados,119,"21,5","3,0","0,0"
134,,2,"Frango, peito, sem pele, grelhado",Carnes e derivados,159,"32,0","2,5","0,0"
135,,2,"Frango, sobrecoxa, com pele, assada",Carnes e derivados,260,"28,7","15,2","0,0"
136,,2,"Frango, sobrecoxa, com pele, crua",Carnes e derivados,255,"15,5","20,9","0,0"
137,,2,"Frango, sobrecoxa, sem pele, assada",Carnes e derivados,233,"29,2","12,0","0,0"
138,,2,"Frango, sobrecoxa, sem pele, crua",Carnes e derivados,162,"17,6","9,6","0,0"
139,,2,"Hambúrguer bovinano, cru",Carnes e derivados,215,"13,2","16,2","4,2"
140,,2,"Hambúrguer bovinano, frito",Carnes e derivados,258,"20,0","17,0","6,3"
141,,2,"Hambúrguer bovinano, grelhado",Carnes e derivados,210,"13,2","12,4","11,3"
142,,2,"Lingüiça, frango, crua",Carnes e derivados,218,"14,2","17,4","0,0"
143,,2,"Lingüiça, frango, frita",Carnes e derivados,245,"18,3","18,5","0,0"
144,,2,"Lingüiça, frango, grelhada",Carnes e derivados,244,"18,2","18,4","0,0"
145,,2,"Lingüiça, porco, crua",Carnes e derivados,227,"16,1","17,6","0,0"
146,,2,"Lingüiça, porco, frita",Carnes e derivados,280,"20,5","21,3","0,0"
147,,2,"Lingüiça, porco, grelhada",Carnes e derivados,296,"23,2","21,9","0,0"
148,,2,Mortadela,Carnes e derivados,269,"12,0","21,6","5,8"
149,,2,"Peru, congelado, assado",Carnes e derivados,163,"26,2","5,7","0,0"
150,,2,"Peru, congelado, cru",Carnes e derivados,94,"18,1","1,8","0,0"
151,,2,"Porco, bisteca, crua",Carnes e derivados,164,"21,5","8,0","0,0"
152,,2,"Porco, bisteca, frita",Carnes e derivados,311,"33,7","18,5","0,0"
153,,2,"Porco, bisteca, grelhada",Carnes e derivados,280,"28,9","17,4","0,0"
154,,2,"Porco, costela, assada",Carnes e derivados,402,"30,2","30,3","0,0"
155,,2,"Porco, costela, crua",Carnes e derivados,256,"18,0","19,8","0,0"
156,,2,"Porco, lombo, assado",Carnes e derivados,210,"35,7","6,4","0,0"
157,,2,"Porco, lombo, cru",Carnes e derivados,176,"22,6","8,8","0,0"
158,,2,"Porco, orelha, salgada, crua",Carnes e derivados,258,"18,5","19,9","0,0"
159,,2,"Porco, pernil, assado",Carnes e derivados,262,"32,1","13,9","0,0"
160,,2,"Porco, pernil, cru",Carnes e derivados,186,"20,1","11,1","0,0"
161,,2,"Porco, rabo, salgado, cru",Carnes e derivados,377,"15,6","34,5","0,0"
162,,2,"Presunto, com capa de gordura",Carnes e derivados,128,"14,4","6,8","1,4"
163,,2,"Presunto, sem capa de gordura",Carnes e derivados,94,"14,3","2,7","2,1"
164,,2,"Quibe, assado",Carnes e derivados,136,"14,6","2,7","12,9"
165,,2,"Quibe, cru",Carnes e derivados,109,"12,4","1,7","10,8"
166,,2,"Quibe, frito",Carnes e derivados,254,"14,9","15,8","12,3"
167,,2,Salame,Carnes e derivados,398,"25,8","30,6","2,9"
168,,2,"Toucinho, cru",Carnes e derivados,593,"11,5","60,3","0,0"
169,,2,"Toucinho, frito",Carnes e derivados,697,"27,3","64,3","0,0"
170,,2,"Arroz, integral, cozido",Cereais e derivados,124,"2,6","1,0","25,8"
171,,2,"Arroz, integral, cru",Cereais e derivados,360,"7,3","1,9","77,5"
172,100,3,"Arroz, tipo 1, cozido",Cereais e derivados,128,"2,5","0,2","28,1"
173,,3,"Arroz, tipo 1, cru",Cereais e derivados,358,"7,2","0,3","78,8"
174,,3,"Arroz, tipo 2, cozido",Cereais e derivados,130,"2,6","0,4","28,2"
175,,3,"Arroz, tipo 2, cru",Cereais e derivados,358,"7,2","0,3","78,9"
176,,3,"Aveia, flocos, crua",Cereais e derivados,394,"13,9","8,5","66,6"
177,,3,"Biscoito, doce, maise",Cereais e derivados,443,"8,1","12,0","75,2"
178,,3,"Biscoito, doce, recheado com chocolate",Cereais e derivados,472,"6,4","19,6","70,5"
179,,3,"Biscoito, doce, recheado com morango",Cereais e derivados,471,"5,7","19,6","71,0"
180,,3,"Biscoito, doce, wafer, recheado de chocolate",Cereais e derivados,502,"5,6","24,7","67,5"
181,,3,"Biscoito, doce, wafer, recheado de morango",Cereais e derivados,513,"4,5","26,4","67,4"
182,,3,"Biscoito, salgado, cream cracker",Cereais e derivados,432,"10,1","14,4","68,7"
183,,3,"Bolo, mistura para",Cereais e derivados,419,"6,2","6,1","84,7"
184,,3,"Bolo, pronto, aipim",Cereais e derivados,324,"4,4","12,7","47,9"
185,,3,"Bolo, pronto, chocolate",Cereais e derivados,410,"6,2","18,5","54,7"
186,,3,"Bolo, pronto, coco",Cereais e derivados,333,"5,7","11,3","52,3"
187,,3,"Bolo, pronto, milho",Cereais e derivados,311,"4,8","12,4","45,1"
188,,3,"Canjica, branca, crua",Cereais e derivados,358,"7,2","1,0","78,1"
189,,3,"Canjica, com leite integral",Cereais e derivados,112,"2,4","1,2","23,6"
190,,3,"Cereais, milho, flocos, com sal",Cereais e derivados,370,"7,3","1,6","80,8"
191,,3,"Cereais, milho, flocos, sem sal",Cereais e derivados,363,"6,9","1,2","80,4"
192,,3,"Cereais, mingau, milho, infantil",Cereais e derivados,394,"6,4","1,1","87,3"
193,,3,"Cereais, mistura para vitami, trigo, cevada e aveia",Cereais e derivados,381,"8,9","2,1","81,6"
194,,3,"Cereal matinal, milho",Cereais e derivados,365,"7,2","1,0","83,8"
195,,3,"Cereal matinal, milho, açúcar",Cereais e derivados,377,"4,7","0,7","88,8"
196,,3,"Creme de arroz, pó",Cereais e derivados,386,"7,0","1,2","83,9"
197,,3,"Creme de milho, pó",Cereais e derivados,333,"4,8","1,6","86,1"
198,,3,"Curau, milho verde",Cereais e derivados,78,"2,4","1,6","13,9"
199,,3,"Curau, milho verde, mistura para",Cereais e derivados,402,"2,2","13,4","79,8"
200,,3,"Farinha, de arroz, enriquecida",Cereais e derivados,363,"1,3","0,3","85,5"
201,,3,"Farinha, de centeio, integral",Cereais e derivados,336,"12,5","1,8","73,3"
202,,3,"Farinha, de milho, amarela",Cereais e derivados,351,"7,2","1,5","79,1"
203,,3,"Farinha, de rosca",Cereais e derivados,371,"11,4","1,5","75,8"
204,,3,"Farinha, de trigo",Cereais e derivados,360,"9,8","1,4","75,1"
205,,3,"Farinha, láctea, de cereais",Cereais e derivados,415,"11,9","5,8","77,8"
206,,3,"Lasanha, massa fresca, cozida",Cereais e derivados,164,"5,8","1,2","32,5"
207,,3,"Lasanha, massa fresca, crua",Cereais e derivados,220,"7,0","1,3","45,1"
208,,3,"Macarrão, instantâneo",Cereais e derivados,436,"8,8","17,2","62,4"
209,,3,"Macarrão, trigo, cru",Cereais e derivados,371,"10,0","1,3","77,9"
210,,3,"Macarrão, trigo, cru, com ovos",Cereais e derivados,371,"10,3","2,0","76,6"
211,,3,"Milho, amido, cru",Cereais e derivados,361,"0,6",,"87,1"
212,,3,"Milho, fubá, cru",Cereais e derivados,353,"7,2","1,9","78,9"
213,,3,"Milho, verde, cru",Cereais e derivados,138,"6,6","0,6","28,6"
214,,3,"Milho, verde, enlatado, dredo",Cereais e derivados,98,"3,2","2,4","17,1"
215,,3,"Mingau adiciol, pó",Cereais e derivados,373,"0,6","0,4","89,3"
216,,3,"Pamonha, barra para cozimento, pré-cozida",Cereais e derivados,171,"2,6","4,8","30,7"
217,,3,"Pão, aveia, forma",Cereais e derivados,343,"12,4","5,7","59,6"
218,,3,"Pão, de soja",Cereais e derivados,309,"11,3","3,6","56,5"
219,,3,"Pão, glúten, forma",Cereais e derivados,253,"12,0","2,7","44,1"
220,,3,"Pão, milho, forma",Cereais e derivados,292,"8,3","3,1","56,4"
221,,3,"Pão, trigo, forma, integral",Cereais e derivados,253,"9,4","3,7","49,9"
222,,3,"Pão, trigo, francês",Cereais e derivados,300,"8,0","3,1","58,6"
223,,3,"Pão, trigo, sovado",Cereais e derivados,311,"8,4","2,8","61,5"
224,,3,"Pastel, de carne, cru",Cereais e derivados,289,"10,7","8,8","42,0"
225,,3,"Pastel, de carne, frito",Cereais e derivados,388,"10,1","20,1","43,8"
226,,3,"Pastel, de queijo, cru",Cereais e derivados,308,"9,9","9,6","45,9"
227,,3,"Pastel, de queijo, frito",Cereais e derivados,422,"8,7","22,7","48,1"
228,,3,"Pastel, massa, crua",Cereais e derivados,310,"6,9","5,5","57,4"
229,,3,"Pastel, massa, frita",Cereais e derivados,570,"6,0","40,9","49,3"
230,,3,"Pipoca, com óleo de soja, sem sal",Cereais e derivados,448,"9,9","15,9","70,3"
231,,3,"Polenta, pré-cozida",Cereais e derivados,103,"2,3","0,3","23,3"
232,,3,"Torrada, pão francês",Cereais e derivados,377,"10,5","3,3","74,6"
233,,3," Mamão verde, doce em calda, dredo",Frutas e derivados,209,"0,3","0,1","57,6"
234,,3," Mamão, doce em calda, dredo",Frutas e derivados,196,"0,2","0,1","54,0"
235,,3,"Abacate, cru",Frutas e derivados,96,"1,2","8,4","6,0"
236,,3,"Abacaxi, cru",Frutas e derivados,48,"0,9","0,1","12,3"
237,,3,"Abacaxi, polpa, congelada",Frutas e derivados,31,"0,5","0,1","7,8"
238,,3,"Abiu, cru",Frutas e derivados,62,"0,8","0,7","14,9"
239,,3,"Açaí, polpa, com xarope de guaraná e glucose",Frutas e derivados,110,"0,7","3,7","21,5"
240,,3,"Açaí, polpa, congelada",Frutas e derivados,58,"0,8","3,9","6,2"
241,,3,"Acerola, crua",Frutas e derivados,33,"0,9","0,2","8,0"
242,,3,"Acerola, polpa, congelada",Frutas e derivados,22,"0,6",,"5,5"
243,,3,"Ameixa, calda, enlatada ",Frutas e derivados,183,"0,4",,"46,9"
244,,3,"Ameixa, crua",Frutas e derivados,53,"0,8",,"13,9"
245,,3,"Ameixa, em calda, enlatada, dreda ",Frutas e derivados,177,"1,0","0,3","47,7"
246,,3,"Atemóia, crua",Frutas e derivados,97,"1,0","0,3","25,3"
247,,3,"Azeite, de dendê",Frutas e derivados,884,,"100,0",
248,,3,"Azeite, de oliva, exa virgem",Frutas e derivados,884,,"100,0",
249,,3,"Banana, da terra, crua",Frutas e derivados,128,"1,4","0,2","33,7"
250,,3,"Banana, doce em barra",Frutas e derivados,280,"2,2","0,1","75,7"
251,,3,"Banana, figo, crua",Frutas e derivados,105,"1,1","0,1","27,8"
252,,3,"Banana, maçã, crua",Frutas e derivados,87,"1,8","0,1","22,3"
253,,3,"Banana, nanica, crua",Frutas e derivados,92,"1,4","0,1","23,8"
254,,3,"Banana, ouro, crua",Frutas e derivados,112,"1,5","0,2","29,3"
255,,3,"Banana, pacova, crua",Frutas e derivados,78,"1,2","0,1","20,3"
256,,3,"Banana, prata, crua",Frutas e derivados,98,"1,3","0,1","26,0"
257,,3,"Cacau, cru",Frutas e derivados,74,"1,0","0,1","19,4"
258,,3,"Cajá, polpa, congelada",Frutas e derivados,26,"0,6","0,2","6,4"
259,,3,"Cajá-Manga, cru",Frutas e derivados,46,"1,3",,"11,4"
260,,3,"Caju, cru",Frutas e derivados,43,"1,0","0,3","10,3"
261,,3,"Caju, polpa, congelada",Frutas e derivados,37,"0,5","0,2","9,4"
262,,3,"Caju, suco concenado, envasado",Frutas e derivados,45,"0,4","0,2","10,7"
263,,3,"Caqui, chocolate, cru",Frutas e derivados,71,"0,4","0,1","19,3"
264,,3,"Carambola, crua",Frutas e derivados,46,"0,9","0,2","11,5"
265,,3,"Ciriguela, crua",Frutas e derivados,76,"1,4","0,4","18,9"
266,,3,"Cupuaçu, cru",Frutas e derivados,49,"1,2","1,0","10,4"
267,,3,"Cupuaçu, polpa, congelada",Frutas e derivados,49,"0,8","0,6","11,4"
268,,3,"Figo, cru",Frutas e derivados,41,"1,0","0,2","10,2"
269,,3,"Figo, enlatado, em calda",Frutas e derivados,184,"0,6","0,2","50,3"
270,,3,"Fruta-pão, crua",Frutas e derivados,67,"1,1","0,2","17,2"
271,,3,"Goiaba, branca, com casca, crua",Frutas e derivados,52,"0,9","0,5","12,4"
272,,3,"Goiaba, doce em pasta",Frutas e derivados,269,"0,6","0,0","74,1"
273,,3,"Goiaba, doce, cascão",Frutas e derivados,286,"0,4","0,1","78,7"
274,,3,"Goiaba, vermelha, com casca, crua",Frutas e derivados,54,"1,1","0,4","13,0"
275,,3,"Graviola, crua",Frutas e derivados,62,"0,8","0,2","15,8"
276,,3,"Graviola, polpa, congelada",Frutas e derivados,38,"0,6","0,1","9,8"
277,,3,"Jabuticaba, crua",Frutas e derivados,58,"0,6","0,1","15,3"
278,,3,"Jaca, crua",Frutas e derivados,88,"1,4","0,3","22,5"
279,,3,"Jambo, cru",Frutas e derivados,27,"0,9","0,1","6,5"
280,,3,"Jamelão, cru",Frutas e derivados,41,"0,5","0,1","10,6"
281,,3,"Kiwi, cru",Frutas e derivados,51,"1,3","0,6","11,5"
282,,3,"Laranja, baía, crua",Frutas e derivados,45,"1,0","0,1","11,5"
283,150,4,"Laranja, baía, suco",Frutas e derivados,37,"0,7",,"8,7"
284,,4,"Laranja, da terra, crua",Frutas e derivados,51,"1,1","0,2","12,9"
285,,4,"Laranja, da terra, suco",Frutas e derivados,41,"0,7","0,1","9,6"
286,,4,"Laranja, lima, crua",Frutas e derivados,46,"1,1","0,1","11,5"
287,,4,"Laranja, lima, suco",Frutas e derivados,39,"0,7","0,1","9,2"
288,,4,"Laranja, pêra, crua",Frutas e derivados,37,"1,0","0,1","8,9"
289,,4,"Laranja, pêra, suco",Frutas e derivados,33,"0,7","0,1","7,6"
290,,4,"Laranja, valência, crua",Frutas e derivados,46,"0,8","0,2","11,7"
291,,4,"Laranja, valência, suco",Frutas e derivados,36,"0,5","0,1","8,6"
292,,4,"Limão, cravo, suco",Frutas e derivados,14,"0,3",,"5,2"
293,,4,"Limão, galego, suco",Frutas e derivados,22,"0,6","0,1","7,3"
294,,4,"Limão, tahiti, cru",Frutas e derivados,32,"0,9","0,1","11,1"
295,,4,"Maçã, Argentina, com casca, crua",Frutas e derivados,63,"0,2","0,2","16,6"
296,,4,"Maçã, Fuji, com casca, crua",Frutas e derivados,56,"0,3",,"15,2"
297,,4,"Macaúba, crua",Frutas e derivados,404,"2,1","40,7","13,9"
298,,4,"Mamão, Formosa, cru",Frutas e derivados,45,"0,8","0,1","11,6"
299,,4,"Mamão, Papaia, cru",Frutas e derivados,40,"0,5","0,1","10,4"
300,,4,"Manga, Haden, crua",Frutas e derivados,64,"0,4","0,3","16,7"
301,,4,"Manga, Palmer, crua",Frutas e derivados,72,"0,4","0,2","19,4"
302,,4,"Manga, polpa, congelada",Frutas e derivados,48,"0,4","0,2","12,5"
303,,4,"Manga, Tommy Atkins, crua",Frutas e derivados,51,"0,9","0,2","12,8"
304,,4,"Manteiga, com sal",Frutas e derivados,726,"0,4","82,4","0,1"
305,,4,"Manteiga, sem sal",Frutas e derivados,758,"0,4","86,0","0,0"
306,,4,"Maracujá, cru",Frutas e derivados,68,"2,0","2,1","12,3"
307,,4,"Maracujá, polpa, congelada",Frutas e derivados,39,"0,8","0,2","9,6"
308,,4,"Maracujá, suco concenado, envasado",Frutas e derivados,42,"0,8","0,2","9,6"
309,,4,"Margarina, com óleo hidrogedo, com sal (65% de lipídeos)",Frutas e derivados,596,,"67,4","0,0"
310,,4,"Margarina, com óleo hidrogedo, sem sal (80% de lipídeos)",Frutas e derivados,723,,"81,7","0,0"
311,,4,"Margarina, com óleo interesterificado, com sal (65%de lipídeos)",Frutas e derivados,594,,"67,2","0,0"
312,,4,"Margarina, com óleo interesterificado, sem sal (65% de lipídeos)",Frutas e derivados,593,,"67,1","0,0"
313,,4,"Melancia, crua",Frutas e derivados,33,"0,9",,"8,1"
314,,4,"Melão, cru",Frutas e derivados,29,"0,7",,"7,5"
315,,4,"Mexerica, Murcote, crua",Frutas e derivados,58,"0,9","0,1","14,9"
316,,4,"Mexerica, Rio, crua",Frutas e derivados,37,"0,7","0,1","9,3"
317,,4,"Morango, cru",Frutas e derivados,30,"0,9","0,3","6,8"
318,,4,"Nêspera, crua",Frutas e derivados,43,"0,3",,"11,5"
319,,4,"Óleo, de babaçu",Frutas e derivados,884,,"100,0",
320,,4,"Óleo, de canola",Frutas e derivados,884,,"100,0",
321,,4,"Óleo, de girassol",Frutas e derivados,884,,"100,0",
322,,4,"Óleo, de milho",Frutas e derivados,884,,"100,0",
323,,4,"Óleo, de pequi",Frutas e derivados,884,,"100,0",
324,,4,"Óleo, de soja",Frutas e derivados,884,,"100,0",
325,,4,"Pequi, cru",Frutas e derivados,205,"2,3","18,0","13,0"
326,,4,"Pêra, Park, crua",Frutas e derivados,61,"0,2","0,2","16,1"
327,,4,"Pêra, Williams, crua",Frutas e derivados,53,"0,6","0,1","14,0"
328,,4,"Pêssego, Aurora, cru",Frutas e derivados,36,"0,8",,"9,3"
329,,4,"Pêssego, enlatado, em calda",Frutas e derivados,63,"0,7",,"16,9"
330,,4,"Pinha, crua",Frutas e derivados,88,"1,5","0,3","22,4"
331,,4,"Pitanga, crua",Frutas e derivados,41,"0,9","0,2","10,2"
332,,4,"Pitanga, polpa, congelada",Frutas e derivados,19,"0,3","0,1","4,8"
333,,4,"Romã, crua",Frutas e derivados,56,"0,4",,"15,1"
334,,4,"Tamarindo, cru",Frutas e derivados,276,"3,2","0,5","72,5"
335,,4,"Tangeri, Poncã, crua",Frutas e derivados,38,"0,8","0,1","9,6"
336,,4,"Tangeri, Poncã, suco",Frutas e derivados,36,"0,5",,"8,8"
337,,4,"Tucumã, cru",Frutas e derivados,262,"2,1","19,1","26,5"
338,,4,"Umbu, cru",Frutas e derivados,37,"0,8",,"9,4"
339,,4,"Umbu, polpa, congelada",Frutas e derivados,34,"0,5","0,1","8,8"
340,,4,"Uva, Itália, crua",Frutas e derivados,53,"0,7","0,2","13,6"
341,,4,"Uva, Rubi, crua",Frutas e derivados,49,"0,6","0,2","12,7"
342,,4,"Uva, suco concenado, envasado",Frutas e derivados,58,,,"14,7"
343,,4,"Amendoim, grão, cru",Leguminosas e derivados,544,"27,2","43,9","20,3"
344,,4,"Amendoim, torrado, salgado",Leguminosas e derivados,606,"22,5","54,0","18,7"
345,,4,"Ervilha, em vagem",Leguminosas e derivados,88,"7,5","0,5","14,2"
346,,4,"Ervilha, enlatada, drenada",Leguminosas e derivados,74,"4,6","0,4","13,4"
347,100,5,"Feijão, carioca, cozido",Leguminosas e derivados,76,"4,8","0,5","13,6"
348,,5,"Feijão, carioca, cru",Leguminosas e derivados,329,"20,0","1,3","61,2"
349,,5,"Feijão, fradinho, cozido",Leguminosas e derivados,78,"5,1","0,6","13,5"
350,,5,"Feijão, fradinho, cru",Leguminosas e derivados,339,"20,2","2,4","61,2"
351,,5,"Feijão, jalo, cozido",Leguminosas e derivados,93,"6,1","0,5","16,5"
352,,5,"Feijão, jalo, cru",Leguminosas e derivados,328,"20,1","0,9","61,5"
353,,5,"Feijão, preto, cozido",Leguminosas e derivados,77,"4,5","0,5","14,0"
354,,5,"Feijão, preto, cru",Leguminosas e derivados,324,"21,3","1,2","58,8"
355,,5,"Feijão, rajado, cozido",Leguminosas e derivados,85,"5,5","0,4","15,3"
356,,5,"Feijão, rajado, cru",Leguminosas e derivados,326,"17,3","1,2","62,9"
357,,5,"Feijão, rosinha, cozido",Leguminosas e derivados,68,"4,5","0,5","11,8"
358,,5,"Feijão, rosinha, cru",Leguminosas e derivados,337,"20,9","1,3","62,2"
359,,5,"Feijão, roxo, cozido",Leguminosas e derivados,77,"5,7","0,5","12,9"
360,,5,"Feijão, roxo, cru",Leguminosas e derivados,331,"22,2","1,2","60,0"
361,,5,"Grão-de-bico, cru",Leguminosas e derivados,355,"21,2","5,4","57,9"
362,,5,"Guandu, cru",Leguminosas e derivados,344,"19,0","2,1","64,0"
363,,5,"Lentilha, cozida",Leguminosas e derivados,93,"6,3","0,5","16,3"
364,,5,"Lentilha, crua",Leguminosas e derivados,339,"23,2","0,8","62,0"
365,,5,"Paçoca, amendoim",Leguminosas e derivados,487,"16,0","26,1","52,4"
366,,5,"Pé-de-moleque, amendoim",Leguminosas e derivados,503,"13,2","28,0","54,7"
367,,5,"Soja, exato solúvel, pó",Leguminosas e derivados,459,"35,7","26,2","28,5"
368,,5,"Soja, exato solúvel, tural, fluido",Leguminosas e derivados,39,"2,4","1,6","4,3"
369,,5,"Soja, farinha",Leguminosas e derivados,404,"36,0","14,6","38,4"
370,,5,"Soja, queijo (tofu)",Leguminosas e derivados,64,"6,6","4,0","2,1"
371,,5,"Tremoço, cru",Leguminosas e derivados,381,"33,6","10,3","43,8"
372,,5,"Tremoço, em conserva",Leguminosas e derivados,121,"11,1","3,8","12,4"
373,,5,"Bebida láctea, pêssego",Leite e derivados,55,"2,1","1,9","7,6"
374,,5,Creme de Leite,Leite e derivados,221,"1,5","22,5","4,5"
375,,5,"Iogurte, natural",Leite e derivados,51,"4,1","3,0","1,9"
376,,5,"Iogurte, natural, desnatado",Leite e derivados,41,"3,8","0,3","5,8"
377,,5,"Iogurte, sabor abacaxi",Leite e derivados,*,*,*,*
378,,5,"Iogurte, sabor morango",Leite e derivados,67,"2,4","1,5","11,0"
379,,5,"Iogurte, sabor pêssego",Leite e derivados,68,"2,5","2,3","9,4"
380,,5,"Leite, condensado",Leite e derivados,313,"7,7","6,7","57,0"
381,,5,"Leite, de cabra",Leite e derivados,66,"3,1","3,8","5,2"
382,,5,"Leite, de vaca, achocolatado",Leite e derivados,83,"2,1","2,2","14,2"
383,,5,"Leite, de vaca, desnatado, pó",Leite e derivados,362,"34,7","0,9","53,0"
384,,5,"Leite, de vaca, desnatado, UHT",Leite e derivados,*,*,*,*
385,,5,"Leite, de vaca, integral",Leite e derivados,58,"3,1","3,0","4,6"
386,,5,"Leite, de vaca, integral, pó",Leite e derivados,497,"25,4","26,9","39,2"
387,,5,"Leite, fermentado",Leite e derivados,70,"1,9","0,1","15,7"
388,,5,"Queijo, minas, frescal",Leite e derivados,264,"17,4","20,2","3,2"
389,,5,"Queijo, minas, meia cura",Leite e derivados,321,"21,2","24,6","3,6"
390,,5,"Queijo, mozarela",Leite e derivados,330,"22,6","25,2","3,0"
391,,5,"Queijo, parmesão",Leite e derivados,453,"35,6","33,5","1,7"
392,,5,"Queijo, pasteurizado",Leite e derivados,303,"9,4","27,4","5,7"
393,,5,"Queijo, petit suisse, morango",Leite e derivados,121,"5,8","2,8","18,5"
394,,5,"Queijo, prato",Leite e derivados,360,"22,7","29,1","1,9"
395,,5,"Queijo, requeijão, cremoso",Leite e derivados,257,"9,6","23,4","2,4"
396,,5,"Queijo, ricota",Leite e derivados,140,"12,6","8,1","3,8"
397,,5,"Café, pó, torrado",Miscelâneas,419,"14,7","11,9","65,8"
398,,5,"Capuccino, pó",Miscelâneas,417,"11,3","8,6","73,6"
399,,5,"Fermento em pó, químico",Miscelâneas,90,"0,5","0,1","43,9"
400,,5,"Fermento, biológico, levedura, tablete",Miscelâneas,90,"17,0","1,5","7,7"
401,,5,"Gelati, sabores variados, pó",Miscelâneas,380,"8,9",,"89,2"
402,,5,"Sal, dietético",Miscelâneas,,,,
403,,5,"Sal, grosso",Miscelâneas,,,,
404,,5,Shoyu,Miscelâneas,61,"3,3","0,3","11,6"
405,,5,Tempero a base de sal,Miscelâneas,21,"2,7","0,3","2,1"
406,,5,"Amêndoa, torrada, salgada",Nozes e sementes,581,"18,6","47,3","29,5"
407,,5,"Castanha-de-caju, torrada, salgada",Nozes e sementes,570,"18,5","46,3","29,1"
408,,5,"Castanha-do-Brasil, crua",Nozes e sementes,643,"14,5","63,5","15,1"
409,,5,"Coco, cru",Nozes e sementes,406,"3,7","42,0","10,4"
410,,5,"Farinha, de mesocarpo de babaçu, crua",Nozes e sementes,329,"1,4","0,2","79,2"
411,,5,"Gergelim, semente",Nozes e sementes,584,"21,2","50,4","21,6"
412,,5,"Linhaça, semente",Nozes e sementes,495,"14,1","32,3","43,3"
413,,5,"Noz, crua",Nozes e sementes,620,"14,0","59,4","18,4"
414,,5,"Pinhão, cozido",Nozes e sementes,174,"3,0","0,7","43,9"
415,,5,"Pupunha, cozida",Nozes e sementes,219,"2,5","12,8","29,6"
416,,5,"Azeito, preta, conserva",Outros alimentos industrializados,194,"1,2","20,3","5,5"
417,,5,"Azeito, verde, conserva",Outros alimentos industrializados,137,"0,9","14,2","4,1"
418,,5,"Chantilly, spray, com gordura vegetal",Outros alimentos industrializados,315,"0,5","27,3","16,9"
419,,5,"Leite, de coco",Outros alimentos industrializados,166,"1,0","18,4","2,2"
420,,5,"Maionese, adiciol com ovos",Outros alimentos industrializados,302,"0,6","30,5","7,9"
421,,5,"Omelete, de queijo",Ovos e derivados,268,"15,6","22,0","0,4"
422,,5,"Ovo, de codor, inteiro, cru",Ovos e derivados,177,"13,7","12,7","0,8"
423,,5,"Ovo, de galinha, clara, cozida/10minutos",Ovos e derivados,59,"13,4","0,1","0,0"
424,,5,"Ovo, de galinha, gema, cozida/10minutos",Ovos e derivados,353,"15,9","30,8","1,6"
425,,5,"Ovo, de galinha, inteiro, cozido/10minutos",Ovos e derivados,146,"13,3","9,5","0,6"
426,,5,"Ovo, de galinha, inteiro, cru",Ovos e derivados,143,"13,0","8,9","1,6"
427,50,6,"Ovo, de galinha, inteiro, frito",Ovos e derivados,240,"15,6","18,6","1,2"
428,,6,"Abadejo, filé, congelado, assado",Pescados e frutos do mar,112,"23,5","1,2","0,0"
429,,6,"Abadejo, filé, congelado, cru",Pescados e frutos do mar,59,"13,1","0,4","0,0"
430,,6,"Abadejo, filé, congelado, grelhado",Pescados e frutos do mar,130,"27,6","1,3","0,0"
431,,6,"Abadejo, filé, congelado,cozido",Pescados e frutos do mar,91,"19,3","0,9","0,0"
432,,6,"Atum, conserva em óleo",Pescados e frutos do mar,166,"26,2","6,0","0,0"
433,,6,"Atum, fresco, cru",Pescados e frutos do mar,118,"25,7","0,9","0,0"
434,,6,"Bacalhau, salgado, cru",Pescados e frutos do mar,136,"29,0","1,3","0,0"
435,,6,"Bacalhau, salgado, refogado",Pescados e frutos do mar,140,"24,0","3,6","1,2"
436,,6,"Cação, posta, com farinha de igo, frita",Pescados e frutos do mar,208,"25,0","10,0","3,1"
437,,6,"Cação, posta, cozida",Pescados e frutos do mar,116,"25,6","0,7","0,0"
438,,6,"Cação, posta, crua",Pescados e frutos do mar,83,"17,9","0,8","0,0"
439,,6,"Camarão, Rio Grande, grande, cozido",Pescados e frutos do mar,90,"19,0","1,0","0,0"
440,,6,"Camarão, Rio Grande, grande, cru",Pescados e frutos do mar,47,"10,0","0,5","0,0"
441,,6,"Camarão, Sete Barbas, sem cabeça, com casca, frito",Pescados e frutos do mar,231,"18,4","15,6","2,9"
442,,6,"Caranguejo, cozido",Pescados e frutos do mar,83,"18,5","0,4","0,0"
443,,6,"Corimba, cru",Pescados e frutos do mar,128,"17,4","6,0","0,0"
444,,6,"Corimbatá, assado",Pescados e frutos do mar,261,"19,9","19,6","0,0"
445,,6,"Corimbatá, cozido",Pescados e frutos do mar,239,"20,1","16,9","0,0"
446,,6,"Corvina de água doce, crua",Pescados e frutos do mar,101,"18,9","2,2","0,0"
447,,6,"Corvina do mar, crua",Pescados e frutos do mar,94,"18,6","1,6","0,0"
448,,6,"Corvina grande, assada",Pescados e frutos do mar,147,"26,8","3,6","0,0"
449,,6,"Corvina grande, cozida",Pescados e frutos do mar,100,"23,4","2,6","0,0"
450,,6,"Dourada de água doce, fresca",Pescados e frutos do mar,131,"18,8","5,6","0,0"
451,,6,"Lambari, congelado, cru",Pescados e frutos do mar,131,"16,8","6,5","0,0"
452,,6,"Lambari, congelado, frito",Pescados e frutos do mar,327,"28,4","22,8","0,0"
453,,6,"Lambari, fresco, cru",Pescados e frutos do mar,152,"15,7","9,4","0,0"
454,,6,"Manjuba, com farinha de igo, frita",Pescados e frutos do mar,344,"23,5","22,6","10,2"
455,,6,"Manjuba, frita",Pescados e frutos do mar,349,"30,1","24,5","0,0"
456,,6,"Merluza, filé, assado",Pescados e frutos do mar,122,"26,6","0,9","0,0"
457,,6,"Merluza, filé, cru",Pescados e frutos do mar,89,"16,6","2,0","0,0"
458,,6,"Merluza, filé, frito",Pescados e frutos do mar,192,"26,9","8,5","0,0"
459,,6,"Pescada, branca, crua",Pescados e frutos do mar,111,"16,3","4,6","0,0"
460,,6,"Pescada, branca, frita",Pescados e frutos do mar,223,"27,4","11,8","0,0"
461,,6,"Pescada, filé, com farinha de trigo, frito",Pescados e frutos do mar,283,"21,4","19,1","5,0"
462,,6,"Pescada, filé, cru",Pescados e frutos do mar,107,"16,7","4,0","0,0"
463,,6,"Pescada, filé, frito",Pescados e frutos do mar,154,"28,6","3,6","0,0"
464,,6,"Pescada, filé, molho escabeche",Pescados e frutos do mar,142,"11,8","8,0","5,0"
465,,6,"Pescadinha, crua",Pescados e frutos do mar,76,"15,5","1,1","0,0"
466,,6,"Pintado, assado",Pescados e frutos do mar,192,"36,5","4,0","0,0"
467,,6,"Pintado, cru",Pescados e frutos do mar,91,"18,6","1,3","0,0"
468,,6,"Pintado, grelhado",Pescados e frutos do mar,152,"30,8","2,3","0,0"
469,,6,"Porquinho, cru",Pescados e frutos do mar,93,"20,5","0,6","0,0"
470,,6,"Salmão, filé, com pele, fresco,  grelhado",Pescados e frutos do mar,229,"23,9","14,0","0,0"
471,,6,"Salmão, sem pele, fresco, cru",Pescados e frutos do mar,170,"19,3","9,7","0,0"
472,,6,"Salmão, sem pele, fresco, grelhado",Pescados e frutos do mar,243,"26,1","14,5","0,0"
473,,6,"Sardinha, assada",Pescados e frutos do mar,164,"32,2","3,0","0,0"
474,,6,"Sardinha, conserva em óleo",Pescados e frutos do mar,285,"15,9","24,0","0,0"
475,,6,"Sardinha, frita",Pescados e frutos do mar,257,"33,4","12,7","0,0"
476,,6,"Sardinha, inteira, crua",Pescados e frutos do mar,114,"21,1","2,7","0,0"
477,,6,"Tucunaré, filé, congelado, cru",Pescados e frutos do mar,88,"18,0","1,2","0,0"
478,,6,"Achocolatado, pó",Produtos açucarados,401,"4,2","2,2","91,2"
479,,6,"Açúcar, cristal",Produtos açucarados,387,"0,3",,"99,6"
480,,6,"Açúcar, mascavo",Produtos açucarados,369,"0,8","0,1","94,5"
481,,6,"Açúcar, refinado",Produtos açucarados,387,"0,3",,"99,5"
482,,6,"Chocolate, ao leite",Produtos açucarados,540,"7,2","30,3","59,6"
483,,6,"Chocolate, ao leite, com castanha do Pará",Produtos açucarados,559,"7,4","34,2","55,4"
484,,6,"Chocolate, ao leite, dietético",Produtos açucarados,557,"6,9","33,8","56,3"
485,,6,"Chocolate, meio amargo",Produtos açucarados,475,"4,9","29,9","62,4"
486,,6,Cocada branca,Produtos açucarados,449,"1,1","13,6","81,4"
487,50,7,"Doce, de abóbora, cremoso",Produtos açucarados,199,"0,9","0,2","54,6"
488,,7,"Doce, de leite, cremoso",Produtos açucarados,306,"5,5","6,0","59,5"
489,,7,"Geléia, mocotó, tural",Produtos açucarados,106,"2,1","0,1","24,2"
490,,7,Glicose de milho,Produtos açucarados,292,"0,0","0,0","79,4"
491,,7,Maria mole,Produtos açucarados,301,"3,8","0,2","73,6"
492,,7,"Maria mole, coco queimado",Produtos açucarados,307,"3,9","0,1","75,1"
493,,7,Marmelada,Produtos açucarados,257,"0,4","0,1","70,8"
494,,7,"Mel, de abelha",Produtos açucarados,309,"0,0","0,0","84,0"
495,,7,Melado,Produtos açucarados,297,"0,0","0,0","76,6"
496,,7,Quindim,Produtos açucarados,411,"4,7","24,4","46,3"
497,,7,Rapadura,Produtos açucarados,352,"1,0","0,1","90,8"
498,,7,"Abóbora, cabotian, cozida","Verduras, hortaliças e derivados",48,"1,4","0,7","10,8"
499,,7,"Abóbora, cabotian, crua","Verduras, hortaliças e derivados",39,"1,7","0,5","8,4"
500,,7,"Abóbora, menina brasileira, crua","Verduras, hortaliças e derivados",14,"0,6",,"3,3"
501,,7,"Abóbora, moranga, crua","Verduras, hortaliças e derivados",12,"1,0","0,1","2,7"
502,,7,"Abóbora, moranga, refogada","Verduras, hortaliças e derivados",29,"0,4","0,8","6,0"
503,,7,"Abóbora, pescoço, crua","Verduras, hortaliças e derivados",24,"0,7","0,1","6,1"
504,,7,"Abobrinha, italia, cozida","Verduras, hortaliças e derivados",15,"1,1","0,2","3,0"
505,,7,"Abobrinha, italia, crua","Verduras, hortaliças e derivados",19,"1,1","0,1","4,3"
506,,7,"Abobrinha, italia, refogada","Verduras, hortaliças e derivados",24,"1,1","0,8","4,2"
507,,7,"Abobrinha, paulista, crua","Verduras, hortaliças e derivados",31,"0,6","0,1","7,9"
508,,7,"Acelga, crua","Verduras, hortaliças e derivados",21,"1,4","0,1","4,6"
509,,7,"Agrião, cru","Verduras, hortaliças e derivados",17,"2,7","0,2","2,3"
510,,7,"Aipo, cru","Verduras, hortaliças e derivados",19,"0,8","0,1","4,3"
511,50,8,"Alface, americana, crua","Verduras, hortaliças e derivados",9,"0,6","0,1","1,7"
512,,8,"Alface, crespa, crua","Verduras, hortaliças e derivados",11,"1,3","0,2","1,7"
513,,8,"Alface, lisa, crua","Verduras, hortaliças e derivados",14,"1,7","0,1","2,4"
514,,8,"Alface, roxa, crua","Verduras, hortaliças e derivados",13,"0,9","0,2","2,5"
515,,8,"Alfavaca, crua","Verduras, hortaliças e derivados",29,"2,7","0,5","5,2"
516,,8,"Alho, cru","Verduras, hortaliças e derivados",113,"7,0","0,2","23,9"
517,,8,"Alho-poró, cru","Verduras, hortaliças e derivados",32,"1,4","0,1","6,9"
518,,8,"Almeirão, cru","Verduras, hortaliças e derivados",18,"1,8","0,2","3,3"
519,,8,"Almeirão, refogado","Verduras, hortaliças e derivados",65,"1,7","4,8","5,7"
520,,8,"Batata, baroa, cozida","Verduras, hortaliças e derivados",80,"0,9","0,2","18,9"
521,,8,"Batata, baroa, crua","Verduras, hortaliças e derivados",101,"1,0","0,2","24,0"
522,,8,"Batata, doce, cozida","Verduras, hortaliças e derivados",77,"0,6","0,1","18,4"
523,,8,"Batata, doce, crua","Verduras, hortaliças e derivados",118,"1,3","0,1","28,2"
524,,8,"Batata, frita, tipo chips, indusializada","Verduras, hortaliças e derivados",543,"5,6","36,6","51,2"
525,,8,"Batata, inglesa, cozida","Verduras, hortaliças e derivados",52,"1,2",,"11,9"
526,,8,"Batata, inglesa, crua","Verduras, hortaliças e derivados",64,"1,8",,"14,7"
527,,8,"Batata, inglesa, frita","Verduras, hortaliças e derivados",267,"5,0","13,1","35,6"
528,,8,"Batata, inglesa, sauté","Verduras, hortaliças e derivados",68,"1,3","0,9","14,1"
529,,8,"Berinjela, cozida","Verduras, hortaliças e derivados",19,"0,7","0,1","4,5"
530,,8,"Berinjela, crua","Verduras, hortaliças e derivados",20,"1,2","0,1","4,4"
531,,8,"Beterraba, cozida","Verduras, hortaliças e derivados",32,"1,3","0,1","7,2"
532,,8,"Beterraba, crua","Verduras, hortaliças e derivados",49,"1,9","0,1","11,1"
533,,8,"Biscoito, polvilho doce","Verduras, hortaliças e derivados",438,"1,3","12,2","80,5"
534,,8,"Brócolis, cozido","Verduras, hortaliças e derivados",25,"2,1","0,5","4,4"
535,,8,"Brócolis, cru","Verduras, hortaliças e derivados",25,"3,6","0,3","4,0"
536,,8,"Cará, cozido","Verduras, hortaliças e derivados",78,"1,5","0,1","18,9"
537,,8,"Cará, cru","Verduras, hortaliças e derivados",96,"2,3","0,1","23,0"
538,,8,"Caruru, cru","Verduras, hortaliças e derivados",34,"3,2","0,6","6,0"
539,,8,"Catalonha, crua","Verduras, hortaliças e derivados",24,"1,9","0,3","4,8"
540,,8,"Catalonha, refogada","Verduras, hortaliças e derivados",63,"2,0","4,8","4,8"
541,,8,"Cebola, crua","Verduras, hortaliças e derivados",39,"1,7","0,1","8,9"
542,,8,"Cebolinha, crua","Verduras, hortaliças e derivados",20,"1,9","0,4","3,4"
543,,8,"Cenoura, cozida","Verduras, hortaliças e derivados",30,"0,8","0,2","6,7"
544,,8,"Cenoura, crua","Verduras, hortaliças e derivados",34,"1,3","0,2","7,7"
545,,8,"Chicória, crua","Verduras, hortaliças e derivados",14,"1,1","0,1","2,9"
546,,8,"Chuchu, cozido","Verduras, hortaliças e derivados",19,"0,4",,"4,8"
547,,8,"Chuchu, cru","Verduras, hortaliças e derivados",17,"0,7","0,1","4,1"
548,,8,"Coeno, folhas desidratadas","Verduras, hortaliças e derivados",309,"20,9","10,4","48,0"
549,,8,"Couve, manteiga, crua","Verduras, hortaliças e derivados",27,"2,9","0,5","4,3"
550,,8,"Couve, manteiga, refogada ","Verduras, hortaliças e derivados",90,"1,7","6,6","8,7"
551,,8,"Couve-flor, cozida","Verduras, hortaliças e derivados",19,"1,2","0,3","3,9"
552,,8,"Couve-flor, crua","Verduras, hortaliças e derivados",23,"1,9","0,2","4,5"
553,,8,"Espifre, Nova Zelândia, cru","Verduras, hortaliças e derivados",16,"2,0","0,2","2,6"
554,,8,"Espifre, Nova Zelândia, refogado","Verduras, hortaliças e derivados",67,"2,7","5,4","4,2"
555,,8,"Farinha, de mandioca, crua","Verduras, hortaliças e derivados",361,"1,6","0,3","87,9"
556,,8,"Farinha, de mandioca, torrada","Verduras, hortaliças e derivados",365,"1,2","0,3","89,2"
557,,8,"Farinha, de puba","Verduras, hortaliças e derivados",360,"1,6","0,5","87,3"
558,,8,"Fécula, de mandioca","Verduras, hortaliças e derivados",331,"0,5","0,3","81,1"
559,,8,"Feijão, broto, cru","Verduras, hortaliças e derivados",39,"4,2","0,1","7,8"
560,,8,"Inhame, cru","Verduras, hortaliças e derivados",97,"2,1","0,2","23,2"
561,,8,"Jiló, cru","Verduras, hortaliças e derivados",27,"1,4","0,2","6,2"
562,,8,"Jurubeba, crua","Verduras, hortaliças e derivados",126,"4,4","3,9","23,1"
563,,8,"Mandioca, cozida","Verduras, hortaliças e derivados",125,"0,6","0,3","30,1"
564,,8,"Mandioca, crua","Verduras, hortaliças e derivados",151,"1,1","0,3","36,2"
565,,8,"Mandioca, farofa, temperada","Verduras, hortaliças e derivados",406,"2,1","9,1","80,3"
566,,8,"Mandioca, frita","Verduras, hortaliças e derivados",300,"1,4","11,2","50,3"
567,,8,"Manjericão, cru","Verduras, hortaliças e derivados",21,"2,0","0,4","3,6"
568,,8,"Maxixe, cru","Verduras, hortaliças e derivados",14,"1,4","0,1","2,7"
569,,8,"Mostarda, folha, crua","Verduras, hortaliças e derivados",18,"2,1","0,2","3,2"
570,,8,"Nabo, cru","Verduras, hortaliças e derivados",18,"1,2","0,1","4,1"
571,,8,"Nhoque, batata, cozido","Verduras, hortaliças e derivados",181,"5,9","1,9","36,8"
572,,8,"Palmito, juçara, em conserva","Verduras, hortaliças e derivados",23,"1,8","0,4","4,3"
573,,8,"Palmito, pupunha, em conserva","Verduras, hortaliças e derivados",29,"2,5","0,5","5,5"
574,,8,"Pão, de queijo, assado","Verduras, hortaliças e derivados",363,"5,1","24,6","34,2"
575,,8,"Pão, de queijo, cru","Verduras, hortaliças e derivados",295,"3,6","14,0","38,5"
576,,8,"Pepino, cru","Verduras, hortaliças e derivados",10,"0,9",,"2,0"
577,,8,"Pimentão, amarelo, cru","Verduras, hortaliças e derivados",28,"1,2","0,4","6,0"
578,,8,"Pimentão, verde, cru","Verduras, hortaliças e derivados",21,"1,1","0,2","4,9"
579,,8,"Pimentão, vermelho, cru","Verduras, hortaliças e derivados",23,"1,0","0,1","5,5"
580,,8,"Polvilho, doce","Verduras, hortaliças e derivados",351,"0,4",,"86,8"
581,,8,"Quiabo, cru","Verduras, hortaliças e derivados",30,"1,9","0,3","6,4"
582,,8,"Rabanete, cru","Verduras, hortaliças e derivados",14,"1,4","0,1","2,7"
583,,8,"Repolho, branco, cru","Verduras, hortaliças e derivados",17,"0,9","0,1","3,9"
584,,8,"Repolho, roxo, cru","Verduras, hortaliças e derivados",31,"1,9","0,1","7,2"
585,,8,"Repolho, roxo, refogado","Verduras, hortaliças e derivados",42,"1,8","1,2","7,6"
586,,8,"Rúcula, crua","Verduras, hortaliças e derivados",13,"1,8","0,1","2,2"
587,,8,"Salsa, crua","Verduras, hortaliças e derivados",33,"3,3","0,6","5,7"
588,,8,"Seleta de legumes, enlatada","Verduras, hortaliças e derivados",57,"3,4","0,4","12,7"
589,,8,"Serralha, crua","Verduras, hortaliças e derivados",30,"2,7","0,7","4,9"
590,,8,"Taioba, crua","Verduras, hortaliças e derivados",34,"2,9","0,9","5,4"
591,50,9,"Tomate, com semente, cru","Verduras, hortaliças e derivados",15,"1,1","0,2","3,1"
592,,9,"Tomate, exato","Verduras, hortaliças e derivados",61,"2,4","0,2","15,0"
593,,9,"Tomate, molho industrializado","Verduras, hortaliças e derivados",38,"1,4","0,9","7,7"
594,,9,"Tomate, purê","Verduras, hortaliças e derivados",28,"1,4",,"6,9"
595,,9,"Tomate, salada","Verduras, hortaliças e derivados",21,"0,8",,"5,1"
596,,9,"Vagem, crua","Verduras, hortaliças e derivados",25,"1,8","0,2","5,3"
597,,9,Hipercalórico,Suplemento,378,"23,0","0,0","72,0"
599,,,Glutamina,Suplemento,392,"98,0","0,0","0,0"
600,,,Pasta de Amendoim,Suplemento,567,"17,0","42,0","39,0"
601,,,Arroz 7 Grãos Urbano Zero Gluten ,Cereais e derivados,223,"5,9","0,6","43,0"
602,,,Whey Growth Gaspar,Suplemento,400,"80,0","6,6","5,0"
603,,,Proteína Texturizada Gaspar,Derivadio,300,"52,0","1,0","30,0"
604,,,Macarrão Cozido,,158,"5,8","0,9","30,9"
605,,,Pasta de Amendoim,Suplemento,80,"26,0","1,4","19,0"
606,,,Bolo Pullman,Bolo,344,"5,6","13,0","51,0"
607,,,Cenora cozida,"Verduras, hortaliças e derivados",35,"0,8","0,2","8,2"
608,,,Pão Integral Wickbold Nutrição,Pão,236,"13,0","3,5","38,0"
609,,,Suco Maça,Suco,44,"0,0","9,9","11,0"
610,,,Açucar,,389,"0,0","0,0","99,7"